space space uni0020
nbspace nbspace uni00A0
A A uni0041
B B uni0042
C C uni0043
D D uni0044
E E uni0045
F F uni0046
G G uni0047
H H uni0048
I I uni0049
J J uni004A
K K uni004B
L L uni004C
M M uni004D
N N uni004E
O O uni004F
P P uni0050
Q Q uni0051
R R uni0052
S S uni0053
T T uni0054
U U uni0055
V V uni0056
W W uni0057
X X uni0058
Y Y uni0059
Z Z uni005A
a a uni0061
b b uni0062
c c uni0063
d d uni0064
e e uni0065
f f uni0066
g g uni0067
h h uni0068
i i uni0069
j j uni006A
k k uni006B
l l uni006C
m m uni006D
n n uni006E
o o uni006F
p p uni0070
q q uni0071
r r uni0072
s s uni0073
t t uni0074
u u uni0075
v v uni0076
w w uni0077
x x uni0078
y y uni0079
z z uni007A
Aring Aring uni00C5
aring aring uni00E5
AE AE uni00C6
ae ae uni00E6
ccedilla ccedilla uni00E7
Dcroat Dcroat uni0110
dcroat dcroat uni0111
Eth Eth uni00D0
eth eth uni00F0
Hbar Hbar uni0126
hbar hbar uni0127
jdotless jdotless
kgreenlandic kgreenlandic uni0138
Lslash Lslash uni0141
lslash lslash uni0142
ntilde ntilde uni00F1
Eng Eng uni014A
eng eng uni014B
Oslash Oslash uni00D8
oslash oslash uni00F8
OE OE uni0152
oe oe uni0153
Germandbls Germandbls uni1E9E
germandbls germandbls uni00DF
Tcommaaccent Tcommaaccent uni0162
tcommaaccent tcommaaccent uni0163
Tbar Tbar uni0166
tbar tbar uni0167
Thorn Thorn uni00DE
thorn thorn uni00FE
schwa schwa
f_f f_f uniFB00
fi fi uniFB01
fl fl uniFB02
f_f_i f_f_i uniFB03
f_f_l f_f_l
ampersand ampersand uni0026
at at uni0040
asterisk asterisk uni002A
copyright copyright uni00A9
registered registered uni00AE
trademark trademark uni2122
asciicircum asciicircum uni005E
asciitilde asciitilde uni007E
grave grave uni0060
acute acute uni00B4
circumflex circumflex uni02C6
caron caron uni02C7
caroncomb.alt caroncomb.alt
tilde tilde uni02DC
dieresis dieresis uni00A8
macron macron uni00AF
apostrophemod apostrophemod uni02BC
breve breve uni02D8
ring ring uni02DA
hungarumlaut hungarumlaut uni02DD
dotaccent dotaccent uni02D9
cedilla cedilla uni00B8
ogonek ogonek uni02DB
gravecomb gravecomb
acutecomb acutecomb
circumflexcomb circumflexcomb
tildecomb tildecomb
macroncomb macroncomb
brevecomb brevecomb
dotaccentcomb dotaccentcomb
dieresiscomb dieresiscomb
hookabovecomb hookabovecomb
ringcomb ringcomb
hungarumlautcomb hungarumlautcomb
caroncomb caroncomb
breveinvertedcomb breveinvertedcomb
dblgravecomb dblgravecomb
horncomb horncomb
dotbelowcomb dotbelowcomb
dieresisbelowcomb dieresisbelowcomb
commaaccentcomb commaaccentcomb
commaturnedabovecomb commaturnedabovecomb
cedillacomb cedillacomb
ogonekcomb ogonekcomb
brevebelowcomb brevebelowcomb
macronbelowcomb macronbelowcomb
hyphen hyphen uni002D
endash endash uni2013
emdash emdash uni2014
underscore underscore uni005F
period period uni002E
comma comma uni002C
colon colon uni003A
semicolon semicolon uni003B
exclam exclam uni0021
exclamdown exclamdown uni00A1
question question uni003F
questiondown questiondown uni00BF
ellipsis ellipsis uni2026
periodcentered periodcentered uni00B7
periodcentered.loclCAT periodcentered.loclCAT
bulletoperator bulletoperator uni2219
bullet bullet uni2022
slash slash uni002F
backslash backslash uni005C
bar bar uni007C
brokenbar brokenbar uni00A6
parenleft parenleft uni0028
parenright parenright uni0029
bracketleft bracketleft uni005B
bracketright bracketright uni005D
braceleft braceleft uni007B
braceright braceright uni007D
quotesingle quotesingle uni0027
quotedbl quotedbl uni0022
quoteleft quoteleft uni2018
quoteright quoteright uni2019
quotedblleft quotedblleft uni201C
quotedblright quotedblright uni201D
quotesinglbase quotesinglbase uni201A
quotedblbase quotedblbase uni201E
guilsinglleft guilsinglleft uni2039
guilsinglright guilsinglright uni203A
paragraph paragraph uni00B6
numbersign numbersign uni0023
zero zero uni0030
one one uni0031
two two uni0032
three three uni0033
four four uni0034
five five uni0035
six six uni0036
seven seven uni0037
eight eight uni0038
nine nine uni0039
fraction fraction uni2044
divisionslash divisionslash uni2215
onequarter onequarter uni00BC
onehalf onehalf uni00BD
threequarters threequarters uni00BE
degree degree uni00B0
percent percent uni0025
perthousand perthousand uni2030
plus plus uni002B
minus minus uni2212
plusminus plusminus uni00B1
equal equal uni003D
notequal notequal uni2260
approxequal approxequal uni2248
multiply multiply uni00D7
less less uni003C
greater greater uni003E
lessequal lessequal uni2264
greaterequal greaterequal uni2265
divide divide uni00F7
logicalnot logicalnot uni00AC
dagger dagger uni2020
daggerdbl daggerdbl uni2021
section section uni00A7
euro euro
currency currency uni00A4
dollar dollar uni0024
cent cent uni00A2
florin florin uni0192
sterling sterling uni00A3
yen yen uni00A5
onesuperior onesuperior uni00B9
twosuperior twosuperior uni00B2
threesuperior threesuperior uni00B3
foursuperior foursuperior uni2074
ordfeminine ordfeminine uni00AA
ordmasculine ordmasculine uni00BA
ahookabove ahookabove
ocircumflexacute ocircumflexacute uni1ED1
ohorn ohorn uni01A1
uhorn uhorn uni01B0
franc franc uni20A3
naira naira uni20A6
dong dong uni20AB
kip kip uni20AD
gravecomb.case gravecomb.case
acutecomb.case acutecomb.case
circumflexcomb.case circumflexcomb.case
tildecomb.case tildecomb.case
macroncomb.case macroncomb.case
brevecomb.case brevecomb.case
dotaccentcomb.case dotaccentcomb.case
dieresiscomb.case dieresiscomb.case
hookabovecomb.case hookabovecomb.case
ringcomb.case ringcomb.case
hungarumlautcomb.case hungarumlautcomb.case
caroncomb.case caroncomb.case
breveinvertedcomb.case breveinvertedcomb.case
dblgravecomb.case dblgravecomb.case
horncomb.case horncomb.case
dotbelowcomb.case dotbelowcomb.case
dieresisbelowcomb.case dieresisbelowcomb.case
commaaccentcomb.case commaaccentcomb.case
commaturnedabovecomb.case commaturnedabovecomb.case
cedillacomb.case cedillacomb.case
ogonekcomb.case ogonekcomb.case
brevebelowcomb.case brevebelowcomb.case
macronbelowcomb.case macronbelowcomb.case
periodcentered.loclCAT.case periodcentered.loclCAT.case
.notdef .notdef uni0000
Euro.smcp Euro.smcp
Idotaccent.smcp Idotaccent.smcp
M.salt M.salt
N.salt N.salt
Nacute.salt Nacute.salt
Ncaron.salt Ncaron.salt
Ncommaaccent.salt Ncommaaccent.salt
Ntilde.salt Ntilde.salt
Omega Omega uni03A9
W.salt W.salt
X.salt X.salt
a.salt a.salt
a.smcp a.smcp
a.superior a.superior
aacute.salt aacute.salt
aacute.smcp aacute.smcp
abreve.salt abreve.salt
abreve.smcp abreve.smcp
acircumflex.salt acircumflex.salt
acircumflex.smcp acircumflex.smcp
acute.smcp acute.smcp
adieresis.salt adieresis.salt
adieresis.smcp adieresis.smcp
ae.smcp ae.smcp
afii61289 afii61289 uni2113
afii61352 afii61352 uni2116
agrave.salt agrave.salt
agrave.smcp agrave.smcp
amacron.salt amacron.salt
amacron.smcp amacron.smcp
ampersand.salt ampersand.salt
ampersand.smcp ampersand.smcp
aogonek.salt aogonek.salt
aogonek.smcp aogonek.smcp
aring.salt aring.salt
aring.smcp aring.smcp
asterisk.smcp asterisk.smcp
at.alt at.alt
at.smcp at.smcp
atilde.salt atilde.salt
atilde.smcp atilde.smcp
b.salt b.salt
b.smcp b.smcp
b.superior b.superior
brevecomb_acutecomb brevecomb_acutecomb
brevecomb_gravecomb brevecomb_gravecomb
brevecomb_hookabovecomb brevecomb_hookabovecomb
brevecomb_tildecomb brevecomb_tildecomb
bullet.smcp bullet.smcp
c.smcp c.smcp
c.superior c.superior
c_h c_h
c_k c_k
c_t c_t
cacute.smcp cacute.smcp
caron.smcp caron.smcp
ccaron.smcp ccaron.smcp
ccedilla.smcp ccedilla.smcp
ccircumflex.smcp ccircumflex.smcp
cdotaccent.smcp cdotaccent.smcp
circumflex.smcp circumflex.smcp
circumflexcomb_acutecomb circumflexcomb_acutecomb
circumflexcomb_gravecomb circumflexcomb_gravecomb
circumflexcomb_hookabovecomb circumflexcomb_hookabovecomb
circumflexcomb_tildecomb circumflexcomb_tildecomb
d.salt d.salt
d.smcp d.smcp
d.superior d.superior
dcaron.salt dcaron.salt
dcaron.smcp dcaron.smcp
dcroat.salt dcroat.salt
dcroat.smcp dcroat.smcp
degree.smcp degree.smcp
dieresis.smcp dieresis.smcp
dollar.smcp dollar.smcp
dotlessi dotlessi uni0131
e.smcp e.smcp
e.superior e.superior
eacute.smcp eacute.smcp
ecaron.smcp ecaron.smcp
ecircumflex.smcp ecircumflex.smcp
edieresis.smcp edieresis.smcp
edotaccent.smcp edotaccent.smcp
egrave.smcp egrave.smcp
eight.denominator eight.denominator
eight.numerator eight.numerator
eight.oldstyle eight.oldstyle
eight.smcp eight.smcp
eight.tnum eight.tnum
eight.tosf eight.tosf
eightinferior eightinferior uni2088
eightsuperior eightsuperior uni2078
emacron.smcp emacron.smcp
emdash.alt emdash.alt
emdash.smcp emdash.smcp
endash.alt endash.alt
endash.smcp endash.smcp
eng.smcp eng.smcp
eogonek.smcp eogonek.smcp
estimated estimated uni212E
eth.smcp eth.smcp
exclam.smcp exclam.smcp
exclamdown.alt exclamdown.alt
exclamdown.smcp exclamdown.smcp
f.salt f.salt
f.smcp f.smcp
f.superior f.superior
f_t f_t
f_y f_y
ffl ffl uniFB04
five.denominator five.denominator
five.numerator five.numerator
five.oldstyle five.oldstyle
five.smcp five.smcp
five.tnum five.tnum
five.tosf five.tosf
fiveinferior fiveinferior uni2085
fivesuperior fivesuperior uni2075
four.denominator four.denominator
four.numerator four.numerator
four.oldstyle four.oldstyle
four.smcp four.smcp
four.tnum four.tnum
four.tosf four.tosf
fourinferior fourinferior uni2084
g.salt g.salt
g.smcp g.smcp
g.superior g.superior
gbreve.salt gbreve.salt
gbreve.smcp gbreve.smcp
gcircumflex.salt gcircumflex.salt
gcircumflex.smcp gcircumflex.smcp
gcommaaccent.salt gcommaaccent.salt
gcommaaccent.smcp gcommaaccent.smcp
gdotaccent.salt gdotaccent.salt
gdotaccent.smcp gdotaccent.smcp
germandbls.smcp germandbls.smcp
grave.smcp grave.smcp
guillemotleft guillemotleft uni00AB
guillemotright guillemotright uni00BB
h.smcp h.smcp
h.superior h.superior
hbar.smcp hbar.smcp
hcircumflex.smcp hcircumflex.smcp
hyphen.alt hyphen.alt
hyphen.smcp hyphen.smcp
i.smcp i.smcp
i.superior i.superior
iacute.smcp iacute.smcp
icircumflex.smcp icircumflex.smcp
idieresis.smcp idieresis.smcp
igrave.smcp igrave.smcp
imacron.smcp imacron.smcp
infinity infinity uni221E
integral integral uni222B
iogonek.smcp iogonek.smcp
itilde.smcp itilde.smcp
j.smcp j.smcp
j.superior j.superior
jcircumflex.smcp jcircumflex.smcp
k.smcp k.smcp
k.superior k.superior
kcommaaccent.smcp kcommaaccent.smcp
l.smcp l.smcp
l.superior l.superior
lacute.smcp lacute.smcp
lcaron.smcp lcaron.smcp
lcommaaccent.smcp lcommaaccent.smcp
lozenge lozenge uni25CA
lslash.smcp lslash.smcp
m.salt m.salt
m.smcp m.smcp
m.superior m.superior
macron.smcp macron.smcp
n.salt n.salt
n.smcp n.smcp
n.superior n.superior
nacute.salt nacute.salt
nacute.smcp nacute.smcp
ncaron.salt ncaron.salt
ncaron.smcp ncaron.smcp
ncommaaccent.salt ncommaaccent.salt
ncommaaccent.smcp ncommaaccent.smcp
nine.denominator nine.denominator
nine.numerator nine.numerator
nine.oldstyle nine.oldstyle
nine.smcp nine.smcp
nine.tnum nine.tnum
nine.tosf nine.tosf
nineinferior nineinferior uni2089
ninesuperior ninesuperior uni2079
ntilde.salt ntilde.salt
ntilde.smcp ntilde.smcp
numbersign.smcp numbersign.smcp
o.smcp o.smcp
o.superior o.superior
oacute.smcp oacute.smcp
ocircumflex.smcp ocircumflex.smcp
odieresis.smcp odieresis.smcp
oe.smcp oe.smcp
ograve.smcp ograve.smcp
ohungarumlaut.smcp ohungarumlaut.smcp
omacron.smcp omacron.smcp
one.denominator one.denominator
one.numerator one.numerator
one.oldstyle one.oldstyle
one.smcp one.smcp
one.tnum one.tnum
one.tosf one.tosf
oneinferior oneinferior uni2081
ordfeminine.smcp ordfeminine.smcp
ordmasculine.smcp ordmasculine.smcp
oslash.smcp oslash.smcp
otilde.smcp otilde.smcp
p.salt p.salt
p.smcp p.smcp
p.superior p.superior
parenleft.alt parenleft.alt
parenleft.smcp parenleft.smcp
parenright.alt parenright.alt
parenright.smcp parenright.smcp
partialdiff partialdiff uni2202
percent.smcp percent.smcp
periodcentered.smcp periodcentered.smcp
perthousand.smcp perthousand.smcp
pi pi uni03C0
product product uni220F
q.smcp q.smcp
q.superior q.superior
question.smcp question.smcp
questiondown.alt questiondown.alt
questiondown.smcp questiondown.smcp
quotedbl.smcp quotedbl.smcp
quotedblbase.smcp quotedblbase.smcp
quotedblleft.smcp quotedblleft.smcp
quotedblright.smcp quotedblright.smcp
quoteleft.smcp quoteleft.smcp
quoteright.smcp quoteright.smcp
quotesinglbase.smcp quotesinglbase.smcp
quotesingle.smcp quotesingle.smcp
r.salt r.salt
r.smcp r.smcp
r.superior r.superior
racute.salt racute.salt
racute.smcp racute.smcp
radical radical uni221A
rcaron.salt rcaron.salt
rcaron.smcp rcaron.smcp
rcommaaccent.salt rcommaaccent.salt
rcommaaccent.smcp rcommaaccent.smcp
ring.smcp ring.smcp
s.smcp s.smcp
s.superior s.superior
s_t s_t uniFB06
sacute.smcp sacute.smcp
scaron.smcp scaron.smcp
scedilla.smcp scedilla.smcp
scircumflex.smcp scircumflex.smcp
seven.denominator seven.denominator
seven.numerator seven.numerator
seven.oldstyle seven.oldstyle
seven.smcp seven.smcp
seven.tnum seven.tnum
seven.tosf seven.tosf
seveninferior seveninferior uni2087
sevensuperior sevensuperior uni2077
six.denominator six.denominator
six.numerator six.numerator
six.oldstyle six.oldstyle
six.smcp six.smcp
six.tnum six.tnum
six.tosf six.tosf
sixinferior sixinferior uni2086
sixsuperior sixsuperior uni2076
sterling.smcp sterling.smcp
strokeshortcomb strokeshortcomb
summation summation uni2211
t.salt t.salt
t.smcp t.smcp
t.superior t.superior
t_t t_t
t_y t_y
tbar.salt tbar.salt
tbar.smcp tbar.smcp
tcaron.salt tcaron.salt
tcaron.smcp tcaron.smcp
tcommaaccent.salt tcommaaccent.salt
tcommaaccent.smcp tcommaaccent.smcp
thorn.smcp thorn.smcp
three.denominator three.denominator
three.numerator three.numerator
three.oldstyle three.oldstyle
three.smcp three.smcp
three.tnum three.tnum
three.tosf three.tosf
threeinferior threeinferior uni2083
tilde.smcp tilde.smcp
two.denominator two.denominator
two.numerator two.numerator
two.oldstyle two.oldstyle
two.smcp two.smcp
two.tnum two.tnum
two.tosf two.tosf
twoinferior twoinferior uni2082
u.salt u.salt
u.smcp u.smcp
u.superior u.superior
uacute.salt uacute.salt
uacute.smcp uacute.smcp
ubreve.salt ubreve.salt
ubreve.smcp ubreve.smcp
ucircumflex.salt ucircumflex.salt
ucircumflex.smcp ucircumflex.smcp
udieresis.salt udieresis.salt
udieresis.smcp udieresis.smcp
ugrave.salt ugrave.salt
ugrave.smcp ugrave.smcp
uhungarumlaut.salt uhungarumlaut.salt
uhungarumlaut.smcp uhungarumlaut.smcp
umacron.salt umacron.salt
umacron.smcp umacron.smcp
uni000D uni000D uni000D
uni00AD uni00AD uni00AD
uni00AD.alt uni00AD.alt
uni00AD.smcp uni00AD.smcp
uni00B5 uni00B5 uni00B5
uni1E02 uni1E02 uni1E02
uni1E03 uni1E03 uni1E03
uni1E03.salt uni1E03.salt
uni1E03.smcp uni1E03.smcp
uni1E0A uni1E0A uni1E0A
uni1E0B uni1E0B uni1E0B
uni1E0B.salt uni1E0B.salt
uni1E0B.smcp uni1E0B.smcp
uni1E1E uni1E1E uni1E1E
uni1E1F uni1E1F uni1E1F
uni1E1F.salt uni1E1F.salt
uni1E1F.smcp uni1E1F.smcp
uni1E40 uni1E40 uni1E40
uni1E40.salt uni1E40.salt
uni1E41 uni1E41 uni1E41
uni1E41.salt uni1E41.salt
uni1E41.smcp uni1E41.smcp
uni1E56 uni1E56 uni1E56
uni1E57 uni1E57 uni1E57
uni1E57.salt uni1E57.salt
uni1E57.smcp uni1E57.smcp
uni1E60 uni1E60 uni1E60
uni1E61 uni1E61 uni1E61
uni1E61.smcp uni1E61.smcp
uni1E6A uni1E6A uni1E6A
uni1E6B uni1E6B uni1E6B
uni1E6B.smcp uni1E6B.smcp
uni2206 uni2206 uni2206
uogonek.salt uogonek.salt
uogonek.smcp uogonek.smcp
uring.salt uring.salt
uring.smcp uring.smcp
utilde.salt utilde.salt
utilde.smcp utilde.smcp
v.smcp v.smcp
v.superior v.superior
w.salt w.salt
w.smcp w.smcp
w.superior w.superior
wacute.smcp wacute.smcp
wcircumflex.smcp wcircumflex.smcp
wdieresis.smcp wdieresis.smcp
wgrave.smcp wgrave.smcp
x.salt x.salt
x.smcp x.smcp
x.superior x.superior
y.smcp y.smcp
y.superior y.superior
yacute.smcp yacute.smcp
ycircumflex.smcp ycircumflex.smcp
ydieresis.smcp ydieresis.smcp
yen.smcp yen.smcp
ygrave.smcp ygrave.smcp
z.smcp z.smcp
z.superior z.superior
zacute.smcp zacute.smcp
zcaron.smcp zcaron.smcp
zdotaccent.smcp zdotaccent.smcp
zero.denominator zero.denominator
zero.numerator zero.numerator
zero.oldstyle zero.oldstyle
zero.smcp zero.smcp
zero.tnum zero.tnum
zero.tosf zero.tosf
zeroinferior zeroinferior uni2080
zerosuperior zerosuperior uni2070
